{"duration": 2.1312460899353027, "input_args": {}, "time": 1762733033.2629042}